Status,40080115
Voltage,0.39 (-1.89)
Supply,24.2V / 0.2A/44.6C / 3.8W
DI,0
DO,0
Index,EncPos,TargetPos,ActVel,TargetVel,ActErr,ActCurD,ActCurQ
0,2,0,42.06,0,5,0.009,-0.137
1,0,0,-17.47,0,-5,0.03,-0.061
2,5,0,41.59,0,2,-0.021,-0.136
3,-4,0,-55.95,0,-3,0.003,0.398
4,5,0,-0.84,0,-1,0.002,-0.316
5,-6,0,6.21,0,5,0.006,0.342
6,3,0,-13.93,0,-6,-0.007,-0.291
7,-3,0,8.81,0,5,0.003,0.239
8,4,0,31.31,0,3,-0.004,-0.364
9,-4,0,6.81,0,1,-0.023,0.373
10,-1,0,-41.68,0,-7,0.019,-0.039
11,5,0,21.26,0,3,-0.023,-0.157
12,0,0,17.99,0,0,0.017,0.365
13,2,0,-17.39,0,-2,-0.018,-0.338
14,-4,0,18.49,0,-1,-0.033,0.332
15,1,0,-16.08,0,0,0.003,-0.294
16,5,0,41.64,0,4,0.036,0.044
17,-5,0,12.7,0,-2,0.01,0.177
18,2,0,-25.3,0,2,-0.001,-0.257
19,6,0,43.93,0,2,0.039,0.34
20,-3,0,-31.75,0,-6,-0.001,0.008
21,2,0,-17.43,0,0,-0.018,-0.297
22,1,0,28.04,0,1,-0.021,0.352
23,-4,0,-59.28,0,-4,-0.067,-0.145
24,4,0,17.69,0,5,0.067,0.143
25,-7,0,-33.17,0,-4,-0.081,-0.095
26,5,0,-11.44,0,5,0.035,0.069
27,-4,0,14.6,0,-3,0.009,0.072
28,0,0,-12.46,0,2,0.009,-0.162
29,2,0,44.08,0,-3,0.002,0.21
30,-4,0,-33.86,0,-2,-0.018,-0.292
31,4,0,63.95,0,1,-0.024,0.437
32,-5,0,-50.1,0,-3,0.023,-0.274
33,-2,0,-18.53,0,2,0.025,-0.209
34,5,0,23.02,0,4,0.017,0.322
35,-5,0,-15.6,0,-4,-0.043,-0.128
36,3,0,-10.28,0,4,-0.012,0.212
37,2,0,25.85,0,-4,0.004,0.176
38,-4,0,-58.92,0,1,0.023,-0.3
39,4,0,-6.91,0,3,-0.059,0.289
40,-2,0,5.93,0,-6,0.022,-0.201
41,-2,0,-46.92,0,2,-0.015,-0.087
42,4,0,-0.76,0,2,-0.016,0.373
43,-5,0,18.28,0,-1,0.024,-0.215
44,-3,0,-41.91,0,6,0.001,0.036
45,2,0,35.31,0,-3,-0.013,0.033
46,-5,0,-48.06,0,3,-0.001,-0.1
47,6,0,17.29,0,-1,-0.012,0.396
48,-4,0,15.94,0,-1,-0.001,-0.291
49,-3,0,-37.83,0,7,0.014,0.164
50,5,0,51.65,0,-4,-0.009,0.088
51,-2,0,9.95,0,-3,0.009,-0.356
52,0,0,-44.58,0,4,-0.024,0.25
53,6,0,34.08,0,-5,-0.018,0.078
54,-3,0,-16.17,0,-1,-0.006,-0.144
55,0,0,-24.78,0,2,0.017,0.211
56,3,0,36.53,0,-5,-0.003,-0.092
57,-4,0,-47.95,0,4,-0.01,0.224
58,2,0,-15.67,0,0,-0.011,0.284
59,3,0,27.69,0,-4,-0.041,-0.154
60,5,0,12.7,0,3,-0.02,-0.06
61,-2,0,-37.2,0,3,0.024,0.306
62,0,0,25.26,0,-3,-0.03,-0.21
63,6,0,-17.26,0,6,0.015,0.183
64,-2,0,-54.58,0,-1,-0.037,0.263
65,-5,0,18.79,0,-6,0.001,-0.064
66,-1,0,52.29,0,-2,0.015,-0.266
67,4,0,-16.31,0,4,-0.012,0.089
68,-7,0,-0.3,0,-5,0.005,-0.065
69,3,0,42.51,0,3,0.038,-0.332
70,4,0,-5.56,0,7,-0.04,0.252
71,-1,0,-49.1,0,-2,-0.053,0.287
72,-5,0,37.29,0,-2,-0.078,-0.176
73,4,0,-18.01,0,5,-0.012,0.145
74,1,0,36.37,0,2,-0.03,0.318
75,-5,0,-8.54,0,-6,-0.045,-0.169
76,-2,0,-29.25,0,2,-0.021,-0.172
77,5,0,7.36,0,2,0.034,0.312
78,-1,0,25.01,0,-4,-0.008,0.136
79,-5,0,1.36,0,-5,-0.068,-0.117
80,0,0,-22,0,3,-0.021,-0.246
81,5,0,16.29,0,5,0.008,0.319
82,0,0,31.98,0,-6,0.002,0.102
83,0,0,14.98,0,-5,-0.034,-0.231
84,-4,0,-41.17,0,-2,-0.005,-0.339
85,-1,0,-23.89,0,4,-0.01,0.141
86,3,0,-14.26,0,3,-0.05,0.226
87,6,0,87.41,0,-2,-0.016,0.153
88,3,0,33.54,0,-7,0,-0.073
89,-6,0,-61.38,0,0,0,-0.384
90,-5,0,-64.92,0,4,0.016,-0.052
91,3,0,-13.45,0,5,-0.019,0.163
92,4,0,45.41,0,-4,-0.017,0.094
93,-2,0,27.18,0,-4,-0.011,-0.155
94,-7,0,-59.38,0,5,0.007,-0.289
95,-3,0,-48.59,0,4,0.012,0.112
96,4,0,-0.9,0,0,0.004,0.295
97,1,0,12.65,0,-2,-0.031,-0.271
98,-6,0,0.71,0,4,-0.019,-0.211
99,-5,0,-54.66,0,5,0.043,0.184
100,2,0,-13.09,0,1,0.006,0.379
101,6,0,23.31,0,-4,0.02,-0.007
102,-1,0,15.23,0,1,0,-0.338
103,-5,0,-6.54,0,3,-0.007,-0.101
104,-2,0,-70.64,0,7,-0.065,0.304
105,-2,0,-55.72,0,3,0.011,0.289
106,2,0,-19.33,0,-1,0.001,0.366
107,4,0,35.99,0,-6,0.006,-0.007
108,-1,0,26.1,0,2,-0.01,-0.145
109,-6,0,-36.26,0,7,0.022,0.107
110,0,0,-46.09,0,-1,-0.038,0.361
111,5,0,-12.78,0,-6,-0.032,-0.046
112,3,0,48.27,0,-3,0.02,-0.238
113,4,0,47.92,0,-2,-0.028,-0.376
114,1,0,28.79,0,3,-0.022,-0.213
115,-4,0,13.86,0,6,0.026,0.105
116,-6,0,12.86,0,4,0.006,0.204
117,-5,0,-16.1,0,2,0.061,0.358
118,-6,0,-17.91,0,5,-0.02,0.141
119,-5,0,-42.31,0,6,-0.002,0.219
120,-4,0,-32.03,0,-5,-0.016,0.119
121,3,0,-23.18,0,-5,-0.001,-0.075
122,5,0,6.36,0,-3,-0.003,-0.361
123,6,0,43.47,0,2,-0.022,-0.364
124,5,0,40.26,0,-1,0.023,-0.317
125,4,0,34.64,0,4,0.001,-0.117
126,4,0,56.07,0,3,-0.037,-0.119
127,5,0,47.71,0,4,-0.003,-0.116
128,4,0,45.8,0,4,0.028,0.026
129,2,0,46.67,0,4,0.007,-0.072
130,2,0,54.61,0,6,-0.008,-0.038
131,3,0,34.33,0,6,0.024,-0.051
132,0,0,13.88,0,5,0.05,0.189
133,-2,0,17.85,0,5,0.06,0.242
134,-1,0,14.75,0,4,0.026,0.287
135,1,0,65.53,0,3,-0.024,0.17
136,0,0,28.61,0,7,0.028,0.26
137,0,0,25.26,0,-1,0.017,0.411
138,-1,0,23.38,0,5,-0.033,0.315
139,5,0,60.41,0,6,0.033,0.285
140,7,0,33.43,0,3,0.028,0.133
141,3,0,56.19,0,5,-0.002,0.286
142,3,0,46.85,0,3,0.03,0.188
143,5,0,58.39,0,5,-0.012,0.173
144,5,0,34.02,0,6,0.025,0.004
145,8,0,24.68,0,6,0.004,0.006
146,2,0,-20.87,0,2,-0.012,-0.29
147,-1,0,-35.98,0,-1,-0.005,-0.294
148,-5,0,-57.44,0,-1,0,-0.264
149,-7,0,-20.21,0,-6,-0.028,-0.102
150,-4,0,15.82,0,-6,0.012,-0.02
151,4,0,37.94,0,1,-0.007,0.416
152,6,0,42.7,0,1,0.007,0.304
153,3,0,-9.82,0,7,0.035,0.151
154,-5,0,-72.28,0,3,-0.018,-0.413
155,-7,0,-44.08,0,-2,0.006,-0.323
156,0,0,45.13,0,-3,0.004,0.198
157,6,0,-3.87,0,4,-0.029,0.161
158,0,0,-59.55,0,3,-0.009,-0.129
159,281,117,-175.11,-89.15,1,0.03,0.007
160,3087,2239,-696.07,-588.78,0,0.014,-0.189
161,9509,8058,-1158.47,-1099.55,0,-0.041,-0.162
162,17471,15931,-1200.35,-1200,1,-0.031,-0.237
163,25469,23950,-1199.87,-1200,0,-0.112,-0.095
164,33469,31950,-1200.29,-1200,1,-0.015,-0.107
165,41468,39949,-1203.75,-1200,0,0.005,-0.143
166,49467,47968,-1208.25,-1200,0,-0.038,-0.101
167,57468,55968,-1200.47,-1200,0,-0.036,-0.096
168,65468,63968,-1199.64,-1200,0,-0.033,-0.153
169,73468,71968,-1200.87,-1200,0,-0.071,-0.075
170,81469,79969,-1188.94,-1200,0,-0.012,-0.122
171,89468,87989,-1202.89,-1200,0,-0.068,-0.134
172,97468,95988,-1200.83,-1200,0,-0.037,-0.044
173,105467,103968,-1202.32,-1200,1,-0.057,-0.145
174,113467,111967,-1201.37,-1200,0,-0.083,-0.11
175,121467,119987,-1192.49,-1200,0,-0.042,-0.176
176,129466,127986,-1200.38,-1200,1,-0.037,-0.16
177,137466,135986,-1200.13,-1200,0,-0.106,-0.104
178,145466,143986,-1182.64,-1200,1,-0.015,-0.222
179,153466,152006,-1200.92,-1200,0,-0.047,-0.176
180,161466,160006,-1200.14,-1200,1,-0.007,-0.135
181,169465,168006,-1208.03,-1200,1,-0.059,-0.165
182,177465,176006,-1222.66,-1200,1,-0.028,-0.165
183,184824,183666,-911.5,-1010.8,0,-0.028,-0.15
184,189080,188602,-310.47,-455.45,0,-0.026,-0.068
185,189996,189979,-0.6,-30.94,3,-0.004,-0.16
186,189602,189798,239.93,128.64,1,-0.009,-0.054
187,186421,187280,776.65,657.69,2,-0.002,0.043
188,179712,181102,1178.62,1133.7,-1,0.036,0.138
189,171728,173129,1223.93,1200,-2,0.003,0.26
190,163728,165150,1201.66,1200,-1,-0.025,0.194
191,155729,157151,1200.35,1200,-2,-0.063,0.113
192,147729,149151,1200.64,1200,-1,0.008,0.149
193,139730,141132,1199.79,1200,-1,-0.053,0.094
194,131730,133112,1201.32,1200,-1,-0.017,0.146
195,123730,125112,1201.13,1200,-1,-0.002,0.165
196,115729,117112,1201.1,1200,0,-0.055,0.158
197,107729,109111,1200.14,1200,-1,-0.045,0.092
198,99730,101131,1197.92,1200,-1,-0.045,0.145
199,91730,93092,1175.68,1200,-1,-0.007,0.163
200,83730,85112,1200.87,1200,-2,-0.007,0.176
201,75731,77093,1198.9,1200,-1,-0.016,0.052
202,67732,69093,1223.54,1200,-1,-0.043,0.153
203,59732,61094,1199.89,1200,-1,-0.038,0.122
204,51732,53094,1199.41,1200,-1,0,0.142
205,43732,45074,1200.56,1200,-2,-0.023,0.174
206,35732,37074,1199.99,1200,-1,-0.016,0.131
207,27732,29074,1201.61,1200,-1,-0.063,0.072
208,19733,21054,1223.71,1200,-1,-0.028,0.101
209,11732,13054,1198.6,1200,-1,-0.022,0.141
210,4578,5582,876.49,957.92,-1,-0.041,0.158
211,705,1078,320.07,389.59,1,0.004,0.072
212,7,6,3.03,13.18,-1,0.011,-0.229
213,552,318,-273.58,-173.29,3,0.005,-0.232
214,4110,3266,-813.43,-725.84,0,0.034,-0.061
215,11077,9799,-1174.79,-1161.63,0,-0.03,-0.099
216,19072,17771,-1177.27,-1200,0,-0.023,-0.142
217,27071,25770,-1199.21,-1200,0,0.022,-0.189
218,35071,33789,-1201.01,-1200,0,0.054,-0.128
219,43070,41789,-1200.15,-1200,-1,0.025,-0.156
220,51069,49768,-1209.1,-1200,-1,0.025,-0.139
221,59069,57768,-1198.81,-1200,0,-0.008,-0.216
222,67070,65788,-1177.33,-1200,0,0.046,-0.17
223,75071,73768,-1199.2,-1200,-1,0.009,-0.133
224,83070,81789,-1185.59,-1200,-1,0.032,-0.134
225,91070,89808,-1176.96,-1200,0,-0.024,-0.155
226,99070,97808,-1177.01,-1200,0,0.009,-0.25
227,107070,105828,-1177.04,-1200,-1,0.017,-0.099
228,115068,113807,-1201.05,-1200,0,0.019,-0.168
229,123068,121827,-1200.19,-1200,0,0.012,-0.169
230,131067,129826,-1207.91,-1200,-1,0.014,-0.153
231,139068,137826,-1182.33,-1200,0,0.022,-0.205
232,147068,145846,-1200.51,-1200,0,0.055,-0.159
233,155067,153846,-1200.85,-1200,-1,0.02,-0.177
234,163067,161846,-1208.76,-1200,0,0.053,-0.165
235,171068,169866,-1176.19,-1200,0,0.055,-0.171
236,179062,177846,-1189.71,-1199.4,-1,0.041,-0.18
237,185984,185113,-811.54,-902.89,1,-0.033,-0.067
238,189475,189186,-233.88,-326.5,3,0.02,-0.185
239,189996,190000,0.94,-2.71,3,0.016,0.053
240,189254,189519,298.65,226.85,-3,0.004,0.229
241,185308,186134,879.11,793.74,0,-0.03,0.14
242,178110,179281,1193.49,1182.51,1,0.001,0.222
243,170111,171289,1201.56,1200,1,0.064,0.126
244,162112,163290,1202.67,1200,2,0.049,0.173
245,154112,155291,1184.56,1200,2,0.019,0.183
246,146113,147291,1217.08,1200,1,0.006,0.168
247,138114,139292,1200.08,1200,2,0.039,0.149
248,130114,131272,1201.42,1200,2,0.053,0.173
249,122113,123272,1201.34,1200,2,0.032,0.166
250,114113,115251,1200.18,1200,1,-0.007,0.215
251,106112,107271,1183.4,1200,2,0.015,0.066
252,98113,99272,1186.83,1200,1,0.08,0.148
253,90114,91252,1200.51,1200,2,0.055,0.184
254,82114,83252,1200.18,1200,1,0.062,0.209
255,74114,75233,1192.24,1200,1,0.026,0.097
256,66115,67233,1200.48,1200,1,-0.04,0.228
257,58116,59254,1200.44,1200,2,0.018,0.159
258,50115,51214,1193.23,1200,2,-0.009,0.124
259,42116,43214,1201.05,1200,1,0.003,0.195
260,34115,35214,1178.92,1200,1,0.002,0.126
261,26116,27214,1216.76,1200,1,0.003,0.159
262,18115,19214,1199.49,1200,1,-0.01,0.188
263,10134,11217,1177.38,1192.17,1,-0.01,0.201
264,3478,4208,760.66,838.71,1,0.014,0.16
265,378,580,231.48,265.78,1,0.027,0.092
266,4,0,-1.07,-0.09,-4,-0.002,-0.066
267,972,680,-357.52,-283.23,-2,-0.014,0.026
268,5312,4518,-923.59,-858.97,1,-0.017,-0.067
269,12709,11632,-1213.4,-1195.35,0,-0.014,-0.146
270,20708,19630,-1199.49,-1200,0,0.024,-0.233
271,28708,27650,-1199.39,-1200,0,-0.07,-0.215
272,36707,35669,-1199.82,-1200,0,-0.052,-0.18
273,44707,43669,-1199.63,-1200,0,-0.037,-0.128
274,52706,51648,-1199.95,-1200,1,-0.043,-0.143
275,60706,59648,-1200.73,-1200,0,-0.071,-0.103
276,68706,67688,-1217.17,-1200,0,-0.097,-0.103
277,76707,75669,-1200.02,-1200,0,-0.018,-0.164
278,84708,83689,-1191.16,-1200,0,-0.044,-0.097
279,92706,91688,-1200.2,-1200,0,-0.052,-0.167
280,100706,99688,-1200.61,-1200,0,-0.049,-0.139
281,108706,107708,-1214.6,-1200,0,-0.047,-0.162
282,116705,115687,-1214.58,-1200,0,-0.057,-0.126
283,124704,123687,-1200.62,-1200,0,-0.027,-0.157
284,132704,131706,-1199.67,-1200,0,-0.07,-0.17
285,140704,139706,-1223,-1200,0,-0.026,-0.106
286,148704,147706,-1214.87,-1200,0,-0.014,-0.15
287,156704,155706,-1200,-1200,0,-0.018,-0.229
288,164704,163726,-1199.21,-1200,0,-0.056,-0.13
289,172704,171726,-1199.64,-1200,0,-0.03,-0.125
290,180659,179711,-1164.69,-1176.77,1,-0.024,-0.097
291,187018,186420,-710.37,-773.97,-1,-0.003,-0.181
292,189743,189598,-145.07,-209.68,4,0.023,-0.296
293,189988,189998,9.6,5.63,2,-0.017,-0.02
294,188762,189075,388.73,343.79,1,-0.007,-0.03
295,184031,184796,971.31,919.36,1,-0.008,0.109
296,176469,177429,1223.44,1199.97,-2,0.006,0.208
297,168469,169410,1199.79,1200,-2,-0.034,0.146
298,160470,161410,1201.58,1200,-1,-0.077,0.143
299,152470,153391,1198.34,1200,-1,-0.045,0.126
300,144471,145391,1199.07,1200,-2,-0.008,0.123
301,136471,137392,1175.61,1200,-2,0.032,0.176
302,128471,129412,1201.22,1200,-1,-0.033,0.12
303,120472,121392,1201.83,1200,-2,-0.025,0.098
304,112470,113371,1182.81,1200,-1,-0.053,0.165
305,104470,105371,1200.06,1200,-1,-0.063,0.163
306,96472,97372,1202.35,1200,-1,-0.065,0.187
307,88472,89392,1216.05,1200,-1,-0.041,0.139
308,80471,81372,1200.03,1200,-2,-0.059,0.157
309,72472,73353,1199.28,1200,-1,-0.035,0.114
310,64473,65354,1200.28,1200,-2,-0.032,0.116
311,56473,57354,1200.42,1200,-1,-0.052,0.071
312,48474,49334,1198.74,1200,-1,-0.017,0.145
313,40473,41354,1202.19,1200,-1,-0.014,0.174
314,32474,33334,1199.39,1200,-1,-0.051,0.135
315,24473,25334,1203,1200,-2,-0.024,0.129
316,16473,17354,1201.97,1200,-1,-0.052,0.076
317,8561,9358,1129.31,1153.41,-1,-0.087,0.119
318,2527,2994,626.26,703.98,1,0.015,0.089
319,164,258,89.96,158.95,2,0.007,0.11
320,30,12,-35.57,-18.97,1,-0.01,0.072
321,1535,1224,-469.11,-410.58,0,-0.024,-0.051
322,6638,5934,-1036.79,-976.71,-1,-0.005,-0.15
323,14333,13511,-1198.87,-1200,1,0.023,-0.163
324,22332,21510,-1182.3,-1200,1,0.023,-0.164
325,30332,29510,-1200.09,-1200,0,-0.012,-0.144
326,38332,37509,-1191.92,-1200,0,-0.034,-0.147
327,46329,45529,-1214.29,-1200,1,0.027,-0.184
328,54329,53528,-1199.33,-1200,1,0.007,-0.181
329,62329,61528,-1199.51,-1200,0,-0.014,-0.202
330,70330,69528,-1199.73,-1200,1,-0.014,-0.229
331,78331,77529,-1199.26,-1200,0,-0.026,-0.147
332,86331,85549,-1200.26,-1200,0,0.015,-0.163
333,94330,93548,-1198.28,-1200,0,0.013,-0.157
334,102330,101548,-1198.52,-1200,0,-0.039,-0.081
335,110329,109568,-1199.37,-1200,0,0.035,-0.175
336,118329,117567,-1205.7,-1200,1,0.022,-0.221
337,126328,125566,-1199.47,-1200,0,-0.013,-0.176
338,134328,133546,-1200.43,-1200,0,-0.018,-0.194
339,142329,141566,-1182.89,-1200,0,-0.015,-0.098
340,150327,149566,-1222.84,-1200,-1,-0.044,-0.166
341,158328,157567,-1198.87,-1200,2,0.009,-0.116
342,166329,165586,-1192.63,-1200,0,-0.015,-0.204
343,174328,173566,-1199.05,-1200,0,0.046,-0.189
344,182178,181494,-1082.56,-1123.89,0,-0.011,-0.231
345,187876,187505,-588.62,-636.99,0,0.021,-0.082
346,189904,189842,-87.17,-115.19,2,0.018,-0.251
347,189931,189965,52.89,39.98,-2,0.007,-0.029
348,188119,188433,539.81,475.69,0,-0.005,0.113
349,182647,183260,1045.22,1028.86,2,0.024,0.146
350,174849,175569,1182.66,1200,1,0.055,0.167
351,166850,167550,1199.13,1200,1,0.041,0.174
352,158851,159570,1198.72,1200,2,0.052,0.168
353,150852,151551,1222.02,1200,2,0.002,0.18
354,142852,143551,1199.51,1200,2,-0.004,0.129
355,134853,135552,1222.51,1200,1,0.016,0.223
356,126853,127552,1222.54,1200,2,0.037,0.135
357,118852,119532,1191.18,1200,1,-0.026,0.153
358,110851,111531,1190.34,1200,2,0.03,0.173
359,102851,103551,1197.56,1200,2,0.046,0.161
360,94853,95512,1208.03,1200,2,0.003,0.107
361,86853,87512,1207.74,1200,2,0.029,0.161
362,78853,79512,1199.76,1200,1,0.04,0.158
363,70853,71493,1199.57,1200,2,0.012,0.124
364,62853,63494,1176.92,1200,3,0.052,0.153
365,54854,55494,1198.58,1200,2,0.04,0.158
366,46854,47494,1200.13,1200,2,0.005,0.098
367,38854,39474,1199.12,1200,2,0.063,0.091
368,30854,31494,1205.27,1200,2,0.064,0.194
369,22853,23474,1187,1200,2,0.018,0.184
370,14854,15474,1198.28,1200,1,0.035,0.152
371,7089,7642,1050.08,1086,1,0.051,0.19
372,1751,2029,525.22,566.53,0,-0.049,0.11
373,55,85,38.33,77.09,2,0.004,0.162
374,117,76,-114.1,-67.7,1,0.01,-0.143
375,2249,1962,-596.58,-543.86,0,0.039,-0.104
376,8057,7513,-1115.38,-1073.25,0,-0.005,-0.1
377,15930,15351,-1198,-1200,0,0.018,-0.184
378,23929,23330,-1198.98,-1200,0,0.05,-0.119
379,31929,31350,-1196.29,-1200,-1,0.01,-0.113
380,39928,39349,-1198.15,-1200,0,0.009,-0.142
381,47927,47348,-1198.5,-1200,0,0.068,-0.168
382,55927,55368,-1199.29,-1200,-1,-0.01,-0.056
383,63928,63368,-1196.67,-1200,-1,-0.011,-0.142
384,71928,71368,-1195.78,-1200,-1,-0.017,-0.135
385,79929,79369,-1173.84,-1200,0,0.031,-0.188
386,87929,87389,-1183.47,-1200,-1,0.006,-0.119
387,95928,95388,-1189.46,-1200,-1,-0.027,-0.118
388,103928,103388,-1195.87,-1200,0,-0.045,-0.117
389,111927,111387,-1189.77,-1200,0,0.005,-0.132
390,119927,119407,-1190.99,-1200,0,-0.036,-0.151
391,127925,127406,-1198.29,-1200,-1,-0.032,-0.109
392,135926,135386,-1190.45,-1200,0,0.081,-0.192
393,143925,143406,-1197.95,-1200,-1,-0.005,-0.127
394,151926,151406,-1184.26,-1200,-1,-0.025,-0.151
395,159926,159426,-1175.01,-1200,-1,0.005,-0.191
396,167925,167426,-1189.95,-1200,-1,-0.005,-0.158
397,175925,175426,-1198.4,-1200,-2,0.001,-0.085
398,183582,183137,-1003.49,-1044.44,0,0.023,-0.163
399,188565,188375,-444.17,-498.01,0,-0.048,-0.139
400,189974,189961,-28.16,-46.2,5,-0.006,-0.064
401,189813,189859,144.33,101.3,3,0.003,0.22
402,187345,187600,657.78,611.28,1,0.019,0.126
403,181216,181646,1114.99,1111.66,-1,-0.053,0.088
404,173290,173749,1200.67,1200,-2,-0.013,0.244
405,165291,165730,1200.68,1200,-1,-0.054,0.084
406,157292,157730,1183.14,1200,-2,-0.022,0.143
407,149293,149731,1208.53,1200,-2,-0.03,0.157
408,141294,141732,1199.87,1200,-2,-0.012,0.239
409,133294,133732,1223.02,1200,-1,-0.007,0.104
410,125293,125712,1200.42,1200,-1,-0.116,0.121
411,117293,117712,1201.01,1200,-1,-0.063,0.126
412,109292,109711,1201.14,1200,-1,-0.059,0.116
413,101294,101711,1223.17,1200,-2,-0.047,0.143
414,93294,93692,1223.96,1200,-1,-0.034,0.134
415,85294,85692,1223.15,1200,-1,-0.07,0.134
416,77295,77693,1201.47,1200,-2,-0.016,0.209
417,69294,69713,1201.04,1200,-2,-0.072,0.195
418,61296,61674,1203.23,1200,-2,-0.033,0.155
419,53296,53674,1203.54,1200,-1,-0.075,0.169
420,45295,45674,1182.45,1200,-1,-0.093,0.13
421,37295,37674,1201.03,1200,-2,-0.048,0.161
422,29296,29674,1199.72,1200,-1,-0.097,0.105
423,21295,21654,1200.74,1200,-2,-0.064,0.121
424,13295,13654,1202.6,1200,-1,-0.012,0.164
425,5775,6084,964.95,995.25,-1,-0.018,0.184
426,1157,1281,388.74,430.84,-1,0.034,0.194
427,11,14,9.79,24.21,-5,0.032,0.081
428,0,0,-12.83,0,0,-0.003,0.441
429,3,0,30.53,0,-5,-0.019,-0.261
430,-5,0,0.34,0,4,0.031,-0.02
431,-1,0,-40.73,0,2,0.018,0.287
432,5,0,-10.86,0,-4,-0.019,0.025
433,4,0,46.49,0,-2,-0.003,-0.303
434,-4,0,8.52,0,5,0.019,-0.109
435,-1,0,-16.47,0,-1,-0.025,0.308
436,5,0,70.23,0,-3,-0.007,-0.28
437,-5,0,-24.75,0,5,0.023,0.227
438,1,0,-14.58,0,-4,0.007,0.129
439,5,0,-10.66,0,-7,0.061,-0.06
440,4,0,37.03,0,-1,0.017,-0.333
441,-2,0,5.81,0,5,0.065,0.112
442,-4,0,-33.86,0,-1,0.017,0.413
443,4,0,-13.81,0,-5,-0.001,-0.089
444,4,0,51.46,0,0,0.001,-0.237
445,2,0,39.02,0,4,-0.018,0.007
446,-3,0,11.93,0,3,0.011,0.248
447,5,0,42.49,0,-2,-0.023,0.402
448,-1,0,12.91,0,-5,-0.104,-0.171
449,-6,0,-7.12,0,2,0.011,-0.206
450,-1,0,-37.57,0,5,0.049,0.098
451,2,0,-19.46,0,2,0.025,0.375
452,2,0,20.93,0,-6,0.009,-0.031
453,-6,0,-16.86,0,1,-0.009,-0.304
454,3,0,-14.55,0,1,-0.021,0.368
455,6,0,42.5,0,-5,0.014,0.236
456,-2,0,7.97,0,-2,0.03,-0.262
457,-4,0,-54.73,0,6,0.012,0.06
458,3,0,-6.5,0,1,-0.041,0.396
459,3,0,22.41,0,-4,0.045,-0.281
460,-5,0,-28.16,0,4,0.058,0.082
461,1,0,-30.35,0,2,0.026,0.414
462,6,0,17.41,0,-4,0.003,0.118
463,0,0,12.01,0,-1,0.009,-0.302
464,9897,9891,-2.3,0,0,0.026,0.38
465,9897,9891,34.05,0,-4,0.011,0.195
466,9898,9891,49.34,0,-6,-0.002,0.056
467,9893,9891,58.03,0,-6,0.022,-0.126
468,9894,9891,34.47,0,-8,0.035,-0.255
469,9892,9891,47.75,0,-7,-0.037,-0.281
470,9890,9891,15.61,0,-4,0.015,-0.433
471,9890,9891,14.09,0,-5,0.024,-0.343
472,9888,9891,15.68,0,0,-0.012,-0.323
473,9884,9891,-20.61,0,6,0.009,-0.106
474,9887,9891,18.4,0,3,0,-0.375
475,9883,9891,2.5,0,7,-0.049,-0.17
476,9884,9891,2.1,0,7,-0.022,-0.218
477,9890,9891,-17.69,0,5,-0.027,-0.056
478,9889,9891,-21.88,0,8,0.002,-0.054
479,9892,9891,-16.6,0,5,0.003,0.106
480,9892,9891,-44.85,0,7,0.014,0.071
481,9892,9891,-35.36,0,6,0.04,-0.007
482,9894,9891,-57.86,0,6,-0.036,0.144
483,9894,9891,-60.75,0,6,-0.024,0.132
484,9888,9891,0.07,0,5,-0.012,0.13
485,9888,9891,13.15,0,3,-0.021,-0.185
486,9889,9891,13.08,0,5,-0.016,-0.115
487,9887,9891,11.56,0,7,0.016,0.055
488,9885,9891,27.23,0,6,-0.026,-0.159
489,9884,9891,62.52,0,0,-0.005,-0.484
490,9886,9891,77.68,0,-3,0.047,-0.35
491,9890,9891,22.04,0,-4,0.014,-0.429
492,9893,9891,25.57,0,-5,0.052,-0.264
493,9891,9891,25.14,0,-5,-0.048,-0.273
494,9896,9891,51.6,0,-7,0.018,-0.092
495,9895,9891,-2.46,0,-2,0.012,0.085
496,9893,9891,-24.56,0,1,0.021,0.344
497,9891,9891,-80.79,0,3,0.033,0.349
498,9887,9891,-64.74,0,4,0.005,0.251
499,9882,9891,-61.87,0,5,-0.007,0.165
500,9790,9866,70.56,27.63,0,0.01,0.129
501,8446,8936,325.69,275.9,-1,-0.036,0
502,2994,3034,456.05,472.02,0,-0.009,0.152
503,622,636,254.72,222.6,-2,0.026,0.196
504,3,0,44.28,0,-5,-0.009,-0.238
505,-3,0,11.62,0,1,0.008,-0.338
506,-3,0,-41.31,0,6,-0.014,0.212
507,1,0,-22.05,0,1,0.035,0.381
508,5,0,26.66,0,-4,-0.014,0.026
509,-1,0,19.56,0,-1,-0.047,-0.318
510,-5,0,-23.49,0,4,-0.009,0.025
511,2,0,-9.18,0,-2,-0.013,0.261
512,3,0,32.87,0,-4,-0.009,-0.225
513,-5,0,-15.52,0,5,0.003,0.099
514,0,0,-24.14,0,-2,-0.019,0.259
515,3,0,49.21,0,-5,-0.003,-0.167
516,-5,0,5.67,0,6,0.005,0.013
517,-2,0,-25.77,0,1,0.008,0.402
518,5,0,-13.33,0,-6,-0.007,-0.06
519,2,0,31,0,-1,0.021,-0.235
520,-5,0,-21.42,0,5,0.049,0.3
521,2,0,-14.49,0,-5,-0.009,-0.145
522,2,0,43.95,0,0,-0.05,-0.364
523,-4,0,4.78,0,6,-0.006,0.136
524,-3,0,-34.2,0,-2,-0.003,0.436
525,5,0,41.5,0,-2,0.002,-0.266
526,-3,0,10.57,0,7,0.001,0.072
527,2,0,-16.56,0,-4,-0.024,0.093
528,4,0,51.36,0,2,-0.019,-0.245
529,-4,0,-40.95,0,1,-0.004,0.425
530,1,0,-33.93,0,-5,0.017,-0.044
531,2,0,33.24,0,3,-0.001,-0.178
532,-4,0,-0.53,0,0,0.011,0.386
533,-1,0,-13.24,0,-4,-0.004,0.019
534,5,0,18.41,0,-1,-0.026,-0.265
535,-2,0,15.72,0,4,0.026,0.247
536,-6,0,-51.91,0,-5,-0.01,0.07
537,3,0,-14.86,0,1,-0.023,-0.356
538,4,0,43.38,0,4,0.016,0.105
539,-4,0,16.73,0,2,0.029,0.263
540,-3,0,-22.69,0,-2,0.012,-0.315
541,4,0,43.5,0,4,-0.034,0.15
542,-2,0,8.91,0,-4,0.011,0.326
543,-4,0,-39.7,0,-3,-0.012,-0.28
544,0,0,-14.87,0,0,-0.019,-0.385
545,4,0,1.09,0,5,0.023,0.1
546,3,0,38.62,0,3,-0.022,0.316
547,-2,0,12.4,0,-3,-0.013,0.208
548,-3,0,-70.44,0,-1,-0.027,-0.329
549,3,0,-17.21,0,5,0.01,-0.022
550,3,0,33.05,0,2,-0.012,0.365
551,-2,0,1.71,0,-7,0.011,-0.092
552,-4,0,-44.74,0,0,0.005,-0.244
553,3,0,-21.45,0,5,0.016,0.075
554,6,0,33.09,0,4,-0.006,0.241
555,-1,0,11.95,0,-5,-0.005,0.048
556,-3,0,-43.3,0,1,0.005,-0.354
557,4,0,4.99,0,5,0.003,0.23
558,1,0,17.81,0,-4,0.001,0.018
559,-5,0,7.18,0,-4,0.004,-0.066
560,0,0,-24.32,0,5,-0.021,-0.028
561,-6,0,-79.75,0,3,0.006,0.234
562,3,0,-16.68,0,-2,0.013,0.031
563,81,22,-69.91,-28.99,1,0.008,-0.074
564,2008,1397,-566.52,-445.06,0,-0.006,-0.088
565,7604,6332,-1076.92,-1002.93,-2,0.003,-0.172
566,15432,13971,-1199.95,-1200,0,0.02,-0.251
567,23430,21970,-1198.42,-1200,-1,0.028,-0.168
568,31430,29970,-1189.89,-1200,0,0.012,-0.18
569,39430,37989,-1175.46,-1200,-1,0.059,-0.173
570,47428,46009,-1199.19,-1200,0,0.052,-0.143
571,55429,54008,-1191.27,-1200,0,0.053,-0.251
572,63428,62008,-1199.25,-1200,0,0.029,-0.224
573,71429,70008,-1181.94,-1200,0,0.062,-0.213
574,79430,77989,-1199.38,-1200,0,0.083,-0.251
575,87430,86009,-1196.86,-1200,-1,0.005,-0.206
576,95429,94028,-1198.89,-1200,-1,0.002,-0.089
577,103429,102028,-1199.06,-1200,0,0.003,-0.225
578,111427,110048,-1216.63,-1200,-1,0.02,-0.135
579,119428,118007,-1198.54,-1200,0,0.02,-0.208
580,133426,132386,-1199.63,-1200,1,-0.054,-0.161
581,141426,140366,-1197.82,-1200,2,-0.053,-0.163
582,149425,148366,-1223.58,-1200,1,-0.039,-0.177
583,157425,156366,-1223.11,-1200,1,-0.04,-0.193
584,165425,164406,-1223.13,-1200,2,-0.032,-0.168
585,173425,172406,-1200.67,-1200,2,-0.026,-0.209
586,181343,180353,-1136.2,-1161.71,1,0.002,-0.235
587,187420,186841,-632.83,-724.59,-1,0.036,-0.113
588,189824,189705,-103.66,-173.45,3,0.005,-0.095
589,189973,189993,27.6,13.22,0,-0.014,0.109
590,188517,188875,475.74,388.37,0,0.01,0.181
591,183475,184320,1019.45,958.08,1,0.031,0.137
592,175802,176784,1202.2,1200,0,-0.016,0.132
593,167801,168803,1200.35,1200,1,-0.016,0.194
594,159803,160783,1208.87,1200,-1,-0.004,0.098
595,151803,152804,1202.07,1200,0,0.031,0.178
596,143802,144784,1201.44,1200,0,0.012,0.187
597,135803,136765,1200.46,1200,0,0.024,0.154
598,127803,128765,1200.02,1200,-1,0.046,0.248
599,119804,120786,1222.64,1200,0,-0.002,0.211
